----------- Anna ------------

DROP DATABASE IF EXISTS udruga_maslinara;
CREATE DATABASE udruga_maslinara;
USE udruga_maslinara;

CREATE TABLE clan (
		clan_id INTEGER AUTO_INCREMENT PRIMARY KEY,
    ime VARCHAR(30) NOT NULL,
    prezime VARCHAR(30) NOT NULL, 
    telefon INTEGER NOT NULL UNIQUE,
    adresa VARCHAR(50) NOT NULL
);

CREATE TABLE mjesto (
		mjesto_id INTEGER AUTO_INCREMENT PRIMARY KEY,
    opcina VARCHAR(15) NOT NULL,
    naselje VARCHAR(15) NOT NULL
);

CREATE TABLE clanarina (
		clanarina_id INTEGER AUTO_INCREMENT PRIMARY KEY,
    datum_clanarina DATE DEFAULT NULL,
    dug INTEGER CHECK (dug = 0 OR dug = 50) DEFAULT 50,
    clan_id INTEGER,
    FOREIGN KEY (clan_id) REFERENCES clan(clan_id) ON DELETE CASCADE
);

CREATE TABLE parcela (
		parcela_id INTEGER AUTO_INCREMENT PRIMARY KEY,
    mjesto_id INTEGER,
    clan_id INTEGER,
    broj_maslina INTEGER NOT NULL CHECK (broj_maslina > 0 AND broj_maslina < 1000),
    povrsina INTEGER NOT NULL CHECK (povrsina > 0 AND povrsina < 10000),
    FOREIGN KEY (mjesto_id) REFERENCES mjesto(mjesto_id),
    FOREIGN KEY (clan_id) REFERENCES clan(clan_id) ON DELETE CASCADE
);

----------- Anna ------------

CREATE TABLE ulje (
		ulje_id INTEGER AUTO_INCREMENT PRIMARY KEY,
    nagrade VARCHAR(30) DEFAULT NULL,
    clan_id INTEGER,
    FOREIGN KEY (clan_id) REFERENCES clan(clan_id) ON DELETE CASCADE

);

CREATE TABLE prodaja (
		prodaja_id INTEGER AUTO_INCREMENT PRIMARY KEY,
    kolicina_prodaja INTEGER NOT NULL CHECK (kolicina_prodaja > 0 AND kolicina_prodaja < 500),
    cijena NUMERIC(5,2) NOT NULL CHECK (cijena > 10 AND cijena < 40),
    clan_id INTEGER,
    FOREIGN KEY (clan_id) REFERENCES clan(clan_id) ON DELETE CASCADE
    
);

CREATE TABLE radionica (
		radionica_id INTEGER AUTO_INCREMENT PRIMARY KEY,
    predavac VARCHAR(30) NOT NULL,
    tema VARCHAR(40) NOT NULL,
    datum_radionica DATE NOT NULL
);

CREATE TABLE clan_na_radionici (
		cnr_id INTEGER AUTO_INCREMENT PRIMARY KEY,
    radionica_id INTEGER,
    clan_id INTEGER,
    FOREIGN KEY (radionica_id) REFERENCES radionica(radionica_id),
    FOREIGN KEY (clan_id) REFERENCES clan(clan_id) ON DELETE CASCADE
);

CREATE TABLE berba (
		berba_id INTEGER AUTO_INCREMENT PRIMARY KEY,
    datum_berba DATE NOT NULL,
    kg_maslina INTEGER NOT NULL CHECK (kg_maslina > 0 AND kg_maslina < 10000),
    parcela_id INTEGER,
    FOREIGN KEY (parcela_id) REFERENCES parcela(parcela_id) ON DELETE CASCADE
);

CREATE TABLE clan_u_berbi (
		cub_id INTEGER AUTO_INCREMENT PRIMARY KEY,
    berba_id INTEGER,
    clan_id INTEGER,
    FOREIGN KEY (berba_id) REFERENCES berba(berba_id) ON DELETE CASCADE,
    FOREIGN KEY (clan_id) REFERENCES clan(clan_id) ON DELETE CASCADE
);

CREATE TABLE oprema (
		oprema_id INTEGER AUTO_INCREMENT PRIMARY KEY,
    vrsta_opreme VARCHAR(20) NOT NULL,
    cijena_opreme NUMERIC(6,2) NOT NULL
);

CREATE TABLE oprema_od_clana ( 
		ooc_id INTEGER AUTO_INCREMENT PRIMARY KEY,
    oprema_id INTEGER,
    kolicina INTEGER CHECK (kolicina < 20) DEFAULT NULL,
    clan_id INTEGER,
    FOREIGN KEY (oprema_id) REFERENCES oprema(oprema_id),
    FOREIGN KEY (clan_id) REFERENCES clan(clan_id) ON DELETE CASCADE
);
  
CREATE TABLE oprema_na_berbi (
		onb_id INTEGER AUTO_INCREMENT PRIMARY KEY,
    oprema_id INTEGER,
    kolicina_onb INTEGER CHECK (kolicina_onb < 20) DEFAULT NULL,
    berba_id INTEGER,
    FOREIGN KEY (oprema_id) REFERENCES oprema(oprema_id),
    FOREIGN KEY (berba_id) REFERENCES berba(berba_id) ON DELETE CASCADE
);


CREATE TABLE maslina_na_parceli ( 
		mnp_id INTEGER AUTO_INCREMENT PRIMARY KEY,
    dob INTEGER NOT NULL CHECK (dob > 0 AND dob < 1000), 
    parcela_id INTEGER,
    clan_id INTEGER, 
    vrsta VARCHAR(20) NOT NULL,
    FOREIGN KEY (parcela_id) REFERENCES parcela(parcela_id) ON DELETE CASCADE,
    FOREIGN KEY (clan_id)    REFERENCES clan(clan_id) ON DELETE CASCADE
); 
    
CREATE TABLE prerada (
		prerada_id INTEGER AUTO_INCREMENT PRIMARY KEY,
    datum DATE NOT NULL,
    litara_ulja NUMERIC(5,2) NOT NULL CHECK (litara_ulja > 0 AND litara_ulja < 200),
    parcela_id INTEGER,
    FOREIGN KEY (parcela_id) REFERENCES parcela(parcela_id) ON DELETE CASCADE
);


CREATE TABLE odrzavanje_na_parceli (
	onp_id INTEGER AUTO_INCREMENT PRIMARY KEY,
vrsta_odrzavanja VARCHAR(20) DEFAULT NULL,
parcela_id INTEGER,
datum DATE DEFAULT NULL, 
FOREIGN KEY (parcela_id) REFERENCES parcela(parcela_id) ON DELETE CASCADE
);

-- Clan
INSERT INTO clan (clan_id, ime, prezime, telefon, adresa) VALUES
(1, 'Ana', 'Anić', '091456789', 'Ulica Cvijeta 1'),
(2, 'Ivan', 'Ivić', '097654321', 'Trg Sunca 5'),
(3, 'Petra', 'Petrović', '099890123', 'Prilaz Mjesecu 8'),
(4, 'Marko', 'Markić', '095654987', 'Šetalište Zvijezda 3'),
(5, 'Lucija', 'Lucić', '099012345', 'Prolaz Magle 9'),
(6, 'Luka', 'Lukić', '099567890', 'Istarska ulica 7'),
(7, 'Marta', 'Martić', '098123456', 'Ulica Pineta 2'),
(8, 'Filip', 'Filipović', '091789012', 'Trg Mjeseca 4'),
(9, 'Ema', 'Emić', '099345678', 'Prilaz Zvijezda 6'),
(10, 'Leo', 'Leonić', '091901234', 'Šetalište Magle 11'),
(11, 'Mia', 'Mirić', '095987654', 'Prolaz Sunca 12'),
(12, 'Karla', 'Karlić', '095210987', 'Put Zvijezda 13'),
(13, 'Ante', 'Antić', '098123654', 'Ulica Mjeseca 15'),
(14, 'Eva', 'Ević', '091321789', 'Trg Zvijezda 17'),
(15, 'Josip', 'Josipović', '095789456', 'Prilaz Sunca 19'),
(16, 'Iva', 'Ivić', '095456123', 'Put Mjeseca 21'),
(17, 'Roko', 'Rokić', '097123789', 'Ulica Zvijezda 23'),
(18, 'Lea', 'Lević', '091789123', 'Trg Magle 25'),
(19, 'Lovro', 'Lovrić', '098654321', 'Prilaz Zvijezda 27'),
(20, 'Maja', 'Majić', '099123456', 'Šetalište Sunca 29'),
(21, 'Filip', 'Filipović', '095678945', 'Put pinija 31'),
(22, 'Pero', 'Prosen', '091654123', 'Ulica Lavanda 33'),
(23, 'Ivan', 'Gundul', '091321987', 'Trg Sunca 35'),
(24, 'Petra', 'Frankec', '091987654', 'Prilaz Mimozi 37'),
(25, 'Marko', 'Kupus', '097654342', 'Šetalište Zvijezda 39'),
(26, 'Lucija', 'Perić', '095321987', 'Prolaz Magle 41'),
(27, 'Luka', 'Pernar', '099987654', 'Ulica Kamelija 43'),
(28, 'Marta', 'Maminj', '095654123', 'Ulica Sunca 45'),
(29, 'Filip', 'Fićković', '098789012', 'Trg Mjeseca 47'),
(30, 'Ema', 'Emiliović', '097456789', 'Prilaz Zvijezda 49');

-- Mjesto
INSERT INTO mjesto (mjesto_id, opcina, naselje) VALUES
(1, 'Pula', 'Pula'),
(2, 'Pula', 'Štinjan'),
(3, 'Vodnjan', 'Vodnjan'),
(4, 'Vodnjan', 'Galižana'),
(5, 'Marčana', 'Loborika'),
(6, 'Fažana', 'Fažana'),
(7, 'Fažana', 'Valbadon');

-- Clanarina

INSERT INTO clanarina (clanarina_id, datum_clanarina, dug, clan_id) VALUES
(1, '2024-01-23', 50, 1),
(2, '2024-02-16', 0, 2),
(3, '2024-04-08', 50, 3),
(4, '2024-02-07', 0, 4),
(5, '2024-03-29', 50, 5),
(6, '2024-02-11', 0, 6),
(7, '2024-04-15', 0, 7),
(8, '2024-02-15', 0, 8),
(9, '2024-05-10', 50, 9),
(10, '2024-05-05', 0, 10),
(11, '2024-01-21', 0, 11),
(12, '2024-05-10', 50, 12),
(13, '2024-02-25', 0, 13),
(14, '2024-02-27', 0, 14),
(15, '2024-04-01', 50, 15),
(16, '2024-03-18', 0, 16),
(17, '2024-02-04', 50, 17),
(18, '2024-05-06', 0, 18),
(19, '2024-04-18', 50, 19),
(20, '2024-04-10', 50, 20),
(21, '2024-03-21', 0, 21),
(22, '2024-04-14', 0, 22),
(23, '2024-03-10', 0, 23),
(24, '2024-02-11', 50, 24),
(25, '2024-01-13', 50, 25),
(26, '2024-05-10', 50, 26),
(27, '2024-05-10', 50, 27),
(28, '2024-03-26', 50, 28),
(29, '2024-04-12', 0, 29),
(30, '2024-03-30', 0, 30);


-- Parcela
INSERT INTO parcela (parcela_id, mjesto_id, clan_id, broj_maslina, povrsina) VALUES
(1, 1, 1, 50, 500),
(2, 2, 2, 55, 530),
(3, 3, 3, 48, 520),
(4, 4, 4, 52, 510),
(5, 5, 5, 53, 540),
(6, 6, 6, 47, 525),
(7, 7, 7, 60, 570),
(8, 1, 8, 65, 600),
(9, 2, 9, 70, 650),
(10, 3, 10, 66, 620),
(11, 4, 11, 68, 580),
(12, 5, 12, 75, 660),
(13, 6, 13, 72, 630),
(14, 7, 14, 68, 640),
(15, 1, 15, 64, 610),
(16, 2, 16, 58, 550),
(17, 3, 17, 56, 520),
(18, 4, 18, 52, 530),
(19, 5, 19, 55, 560),
(20, 6, 20, 50, 540),
(21, 7, 21, 53, 590),
(22, 1, 22, 58, 570),
(23, 2, 23, 62, 610),
(24, 3, 24, 67, 630),
(25, 4, 25, 73, 650),
(26, 5, 26, 69, 640),
(27, 6, 27, 67, 670),
(28, 7, 28, 65, 660),
(29, 1, 29, 62, 640),
(30, 2, 30, 68, 620),
(31, 3, 1, 66, 630),
(32, 4, 2, 63, 610),
(33, 5, 3, 58, 600),
(34, 6, 4, 61, 590),
(35, 7, 5, 57, 570),
(36, 1, 6, 59, 580),
(37, 2, 7, 54, 560),
(38, 3, 8, 50, 550),
(39, 4, 9, 56, 570),
(40, 5, 10, 65, 600),
(41, 6, 11, 62, 590),
(42, 7, 12, 67, 610),
(43, 1, 13, 70, 630),
(44, 2, 14, 66, 620),
(45, 3, 15, 62, 610),
(46, 4, 16, 68, 630),
(47, 5, 17, 63, 620),
(48, 6, 18, 58, 600),
(49, 7, 19, 55, 580),
(50, 1, 20, 52, 570),
(51, 2, 21, 59, 590),
(52, 3, 22, 57, 580),
(53, 4, 23, 60, 600),
(54, 5, 24, 55, 570),
(55, 6, 25, 53, 560),
(56, 7, 26, 58, 580),
(57, 1, 27, 51, 550),
(58, 2, 28, 55, 570),
(59, 3, 29, 48, 540),
(60, 4, 30, 50, 550),
(61, 5, 1, 46, 520),
(62, 6, 2, 48, 530),
(63, 7, 3, 45, 510),
(64, 1, 4, 52, 540),
(65, 2, 5, 49, 520),
(66, 3, 6, 55, 550),
(67, 4, 7, 50, 530),
(68, 5, 8, 48, 520),
(69, 6, 9, 53, 540),
(70, 7, 10, 50, 530);


-- Ulje
INSERT INTO ulje (ulje_id, nagrade, clan_id) VALUES
(1, 'Zlatna medalja', 1),
(2, 'Srebrna medalja', 2),
(3, 'Brončana medalja', 3),
(4, 'Zlatna medalja', 4),
(5, NULL, 5),
(6, 'Brončana medalja', 6),
(7, NULL, 7),
(8, NULL, 8),
(9, 'Zlatna medalja', 9),
(10, NULL, 10),
(11, 'Srebrna medalja', 11),
(12, 'Brončana medalja', 12),
(13, NULL, 13),
(14, NULL, 14),
(15, NULL, 15),
(16, NULL, 16),
(17, NULL, 17),
(18, NULL, 18),
(19, NULL, 19),
(20, NULL, 20),
(21, NULL, 21),
(22, NULL, 22),
(23, NULL, 23),
(24, 'Srebrna medalja', 24),
(25, NULL, 25),
(26, NULL, 26),
(27, NULL, 27),
(28, NULL, 28),
(29, 'Zlatna medalja', 29),
(30, NULL, 30);


-- Radionica
INSERT INTO radionica (radionica_id, predavac, tema, datum_radionica) VALUES
(1, 'Andrej Markovic', 'Osnove maslinarstva', '2024-02-15'),
(2, 'Ivan Gundul', 'Berba maslina', '2024-05-20'),
(3, 'Petra Perko', 'Prerada maslina', '2024-08-10'),
(4, 'Marko Gradul', 'Marketing maslinovog ulja', '2024-07-05');

-- Clan_na_radionici
INSERT INTO clan_na_radionici (cnr_id, radionica_id, clan_id) VALUES
(1, 1, 1),
(2, 1, 2),
(3, 1, 3),
(4, 1, 4),
(5, 2, 5),
(6, 2, 6),
(7, 2, 7),
(8, 2, 8),
(9, 3, 9),
(10, 3, 10),
(11, 3, 11),
(12, 3, 12),
(13, 4, 13),
(14, 4, 14),
(15, 4, 15),
(16, 4, 16),
(17, 4, 17),
(18, 4, 18),
(19, 4, 19),
(20, 4, 20),
(21, 4, 21),
(22, 4, 22),
(23, 4, 23),
(24, 4, 24),
(25, 4, 25),
(26, 4, 26),
(27, 4, 27),
(28, 4, 28),
(29, 4, 29),
(30, 4, 30),
(31, 1, 6), -- Clan 6 također ide na radionicu 2
(32, 1, 7), -- Clan 7 također ide na radionicu 2
(33, 2, 13), -- Clan 13 također ide na radionicu 4
(34, 2, 14), -- Clan 14 također ide na radionicu 4
(35, 3, 20), -- Clan 20 također ide na radionicu 4
(36, 3, 21), -- Clan 21 također ide na radionicu 4
(37, 2, 26), -- Clan 26 također ide na radionicu 4
(38, 1, 27), -- Clan 27 također ide na radionicu 4
(39, 2, 2), -- Clan 2 također ide na radionicu 1
(40, 3, 4), -- Clan 4 također ide na radionicu 1
(41, 4, 8), -- Clan 8 također ide na radionicu 2
(42, 1, 11), -- Clan 11 također ide na radionicu 3
(43, 2, 15); -- Clan 15 također ide na radionicu 4


-- Berba
INSERT INTO berba (berba_id, datum_berba, kg_maslina, parcela_id) VALUES
(1, '2024-10-12', 500, 1),
(2, '2024-10-15', 480, 2),
(3, '2024-10-18', 520, 3),
(4, '2024-10-20', 550, 4),
(5, '2024-10-22', 490, 5),
(6, '2024-10-25', 510, 6),
(7, '2024-10-28', 540, 7),
(8, '2024-10-30', 530, 8),
(9, '2024-11-02', 495, 9),
(10, '2024-11-05', 505, 10),
(11, '2024-11-08', 525, 11),
(12, '2024-11-11', 515, 12),
(13, '2024-11-14', 535, 13),
(14, '2024-11-17', 545, 14),
(15, '2024-11-20', 485, 15),
(16, '2024-11-23', 475, 16),
(17, '2024-11-26', 555, 17),
(18, '2024-11-29', 565, 18),
(19, '2024-12-02', 555, 19),
(20, '2024-12-05', 525, 20),
(21, '2024-12-08', 495, 21),
(22, '2024-12-11', 485, 22),
(23, '2024-12-14', 505, 23),
(24, '2024-12-17', 525, 24),
(25, '2024-12-20', 535, 25),
(26, '2024-12-23', 555, 26),
(27, '2024-12-26', 565, 27),
(28, '2024-12-29', 555, 28),
(29, '2024-10-01', 525, 29),
(30, '2024-10-03', 485, 30),
(31, '2024-10-06', 490, 31),
(32, '2024-10-09', 500, 32),
(33, '2024-10-12', 520, 33),
(34, '2024-10-15', 510, 34),
(35, '2024-10-18', 480, 35),
(36, '2024-10-21', 470, 36),
(37, '2024-10-24', 530, 37),
(38, '2024-10-27', 540, 38),
(39, '2024-10-30', 550, 39),
(40, '2024-11-02', 560, 40),
(41, '2024-11-05', 570, 41),
(42, '2024-11-08', 580, 42),
(43, '2024-11-11', 590, 43),
(44, '2024-11-14', 600, 44),
(45, '2024-11-17', 610, 45),
(46, '2024-11-20', 620, 46),
(47, '2024-11-23', 630, 47),
(48, '2024-11-26', 640, 48),
(49, '2024-11-29', 650, 49),
(50, '2024-12-02', 660, 50),
(51, '2024-12-05', 670, 51),
(52, '2024-12-08', 680, 52),
(53, '2024-12-11', 690, 53),
(54, '2024-12-14', 700, 54),
(55, '2024-12-17', 710, 55),
(56, '2024-12-20', 720, 56),
(57, '2024-12-23', 730, 57),
(58, '2024-12-26', 740, 58),
(59, '2024-12-29', 750, 59),
(60, '2024-10-01', 760, 60),
(61, '2024-10-04', 770, 61),
(62, '2024-10-07', 780, 62),
(63, '2024-10-10', 790, 63),
(64, '2024-10-13', 800, 64),
(65, '2024-10-16', 810, 65),
(66, '2024-10-19', 820, 66),
(67, '2024-10-22', 830, 67),
(68, '2024-10-25', 840, 68),
(69, '2024-10-28', 850, 69),
(70, '2024-10-31', 860, 70);

-- Prerada
INSERT INTO prerada (prerada_id, datum, litara_ulja,parcela_id)
VALUES
(1, '2024-10-15', 70.20, 1),
(2, '2024-10-13', 57.60, 2),
(3, '2024-10-21', 60.90, 3),
(4, '2024-11-03', 75.50, 4),
(5, '2024-11-15', 65.75, 5),
(6, '2024-11-07', 72.25, 6),
(7, '2024-10-14', 68.00, 7),
(8, '2024-11-30', 78.60, 8),
(9, '2024-12-22', 78.50, 9),
(10, '2024-12-19', 84.20, 10),
(11, '2024-12-14', 72.25, 11),
(12, '2024-11-30', 71.20, 12),
(13, '2024-12-05', 79.50, 13),
(14, '2024-10-10', 55.60, 14),
(15, '2024-10-03', 59.50, 15),
(16, '2024-10-26', 63.25, 16),
(17, '2024-10-08', 58.80, 17),
(18, '2024-10-17', 65.50, 18),
(19, '2024-10-31', 67.25, 19),
(20, '2024-11-23', 77.40, 20),
(21, '2024-11-19', 79.25, 21),
(22, '2024-11-03', 69.60, 22),
(23, '2024-11-11', 71.20, 23),
(24, '2024-12-29', 86.50, 24),
(25, '2024-12-11', 76.00, 25),
(26, '2024-12-18', 79.75, 26),
(27, '2024-10-26', 62.40, 27),
(28, '2024-12-16', 83.50, 28),
(29, '2024-11-26', 74.25, 29),
(30, '2024-11-05', 65.90, 30),
(31, '2024-12-03', 72.60, 31),
(32, '2024-12-03', 74.75, 32),
(33, '2024-10-07', 60.00, 33),
(34, '2024-11-19', 79.25, 34),
(35, '2024-10-29', 68.20, 35),
(36, '2024-10-01', 55.00, 36),
(37, '2024-10-19', 66.75, 37),
(38, '2024-11-29', 80.60, 38),
(39, '2024-12-15', 75.20, 39),
(40, '2024-10-27', 65.80, 40),
(41, '2024-11-25', 73.25, 41),
(42, '2024-10-10', 57.40, 42),
(43, '2024-11-02', 67.20, 43),
(44, '2024-10-30', 71.25, 44),
(45, '2024-10-13', 56.40, 45),
(46, '2024-12-08', 80.25, 46),
(47, '2024-12-01', 79.60, 47),
(48, '2024-10-20', 67.00, 48),
(49, '2024-11-07', 68.90, 49),
(50, '2024-12-13', 75.20, 50),
(51, '2024-11-29', 80.60, 51),
(52, '2024-11-22', 77.75, 52),
(53, '2024-12-08', 79.25, 53),
(54, '2024-11-24', 78.75, 54),
(55, '2024-12-10', 76.75, 55),
(56, '2024-10-12', 57.40, 56),
(57, '2024-10-24', 63.80, 57),
(58, '2024-11-01', 66.25, 58),
(59, '2024-12-27', 85.60, 59),
(60, '2024-11-09', 70.40, 60),
(61, '2024-12-05', 76.00, 61),
(62, '2024-11-21', 76.50, 62),
(63, '2024-10-06', 61.60, 63),
(64, '2024-12-26', 84.60, 64),
(65, '2024-11-30', 78.60, 65),
(66, '2024-11-18', 79.25, 66),
(67, '2024-11-12', 75.20, 67),
(68, '2024-11-25', 76.25, 68),
(69, '2024-12-09', 79.25, 69),
(70, '2024-11-14', 77.75, 70);


-- Prodaja podaci
Insert INTO prodaja (prodaja_id, kolicina_prodaja, cijena, clan_id) VALUES
(1, 70.20, 13.75, 1),
(2, 57.60, 14.25, 2),
(3, 60.90, 13.50, 3),
(4, 75.50, 14.00, 4),
(5, 65.75, 15.00, 5),
(6, 72.25, 13.75, 6),
(7, 68.00, 15.50, 7),
(8, 78.60, 14.50, 8),
(9, 78.50, 13.75, 9),
(10, 84.20, 15.25, 10),
(11, 72.25, 15.50, 11),
(12, 71.20, 13.75, 12),
(13, 79.50, 16.00, 13),
(14, 55.60, 14.50, 14),
(15, 59.50, 13.75, 15),
(16, 63.25, 15.25, 16),
(17, 58.80, 13.50, 17),
(18, 65.50, 14.75, 18),
(19, 67.25, 15.50, 19),
(20, 77.40, 15.75, 20),
(21, 79.25, 14.50, 21),
(22, 69.60, 14.00, 22),
(23, 71.20, 15.00, 23),
(24, 86.50, 14.75, 24),
(25, 76.00, 15.25, 25),
(26, 79.75, 13.75, 26),
(27, 62.40, 15.50, 27),
(28, 83.50, 15.25, 28),
(29, 74.25, 14.50, 29),
(30, 65.90, 14.00, 30),
(31, 72.60, 13.50, 1),
(32, 74.75, 15.00, 2),
(33, 60.00, 13.75, 3),
(34, 79.25, 14.75, 4),
(35, 68.20, 15.50, 5),
(36, 55.00, 14.50, 6),
(37, 66.75, 15.25, 7),
(38, 80.60, 15.75, 8),
(39, 75.20, 14.75, 9),
(40, 65.80, 13.75, 10),
(41, 73.25, 14.00, 11),
(42, 57.40, 13.50, 12),
(43, 67.20, 14.50, 13),
(44, 71.25, 15.00, 14),
(45, 56.40, 15.25, 15),
(46, 80.25, 13.75, 16),
(47, 79.60, 13.50, 17),
(48, 67.00, 15.50, 18),
(49, 68.90, 14.75, 19),
(50, 75.20, 14.75, 20),
(51, 80.60, 15.50, 21),
(52, 77.75, 15.75, 22),
(53, 79.25, 14.50, 23),
(54, 78.75, 15.50, 24),
(55, 76.75, 14.75, 25),
(56, 57.40, 15.00, 26),
(57, 63.80, 13.75, 27),
(58, 66.25, 14.50, 28),
(59, 85.60, 13.75, 29),
(60, 70.40, 15.50, 30),
(61, 76.00, 15.25, 1),
(62, 76.50, 13.75, 2),
(63, 61.60, 15.00, 3),
(64, 84.60, 14.50, 4),
(65, 78.60, 15.00, 5),
(66, 79.25, 14.50, 6),
(67, 75.20, 15.50, 7),
(68, 76.25, 15.75, 8),
(69, 79.25, 14.75, 9),
(70, 77.75, 13.75, 10);


-- Clan_u_berbi
INSERT INTO clan_u_berbi (cub_id, berba_id, clan_id)
VALUES
    (1, 1, 1), (2, 1, 2), (3, 1, 3),
    (4, 2, 4), (5, 2, 5), (6, 2, 6), (7, 2, 7),
    (8, 3, 8), (9, 3, 9), (10, 3, 10), (11, 3, 11), (12, 3, 12),
    (13, 4, 13), (14, 4, 14), (15, 4, 15),
    (16, 5, 16), (17, 5, 17), (18, 5, 18), (19, 5, 19),
    (20, 6, 20), (21, 6, 21), (22, 6, 22), (23, 6, 23), (24, 6, 24),
    (25, 7, 25), (26, 7, 26), (27, 7, 27),
    (28, 8, 28), (29, 8, 29), (30, 8, 30), (31, 8, 1),
    (32, 9, 2), (33, 9, 3), (34, 9, 4), (35, 9, 5),
    (36, 10, 6), (37, 10, 7), (38, 10, 8), (39, 10, 9), (40, 10, 10),
    (41, 11, 11), (42, 11, 12), (43, 11, 13),
    (44, 12, 14), (45, 12, 15), (46, 12, 16), (47, 12, 17),
    (48, 13, 18), (49, 13, 19), (50, 13, 20), (51, 13, 21), (52, 13, 22),
    (53, 14, 23), (54, 14, 24), (55, 14, 25),
    (56, 15, 26), (57, 15, 27), (58, 15, 28), (59, 15, 29),
    (60, 16, 30), (61, 16, 1), (62, 16, 2), (63, 16, 3), (64, 16, 4),
    (65, 17, 5), (66, 17, 6), (67, 17, 7),
    (68, 18, 8), (69, 18, 9), (70, 18, 10), (71, 18, 11),
    (72, 19, 12), (73, 19, 13), (74, 19, 14), (75, 19, 15), (76, 19, 16),
    (77, 20, 17), (78, 20, 18), (79, 20, 19),
    (80, 21, 20), (81, 21, 21), (82, 21, 22), (83, 21, 23),
    (84, 22, 24), (85, 22, 25), (86, 22, 26), (87, 22, 27), (88, 22, 28),
    (89, 23, 29), (90, 23, 30), (91, 23, 1),
    (92, 24, 2), (93, 24, 3), (94, 24, 4), (95, 24, 5),
    (96, 25, 6), (97, 25, 7), (98, 25, 8), (99, 25, 9), (100, 25, 10),
    (101, 26, 11), (102, 26, 12), (103, 26, 13),
    (104, 27, 14), (105, 27, 15), (106, 27, 16), (107, 27, 17),
    (108, 28, 18), (109, 28, 19), (110, 28, 20), (111, 28, 21), (112, 28, 22),
    (113, 29, 23), (114, 29, 24), (115, 29, 25),
    (116, 30, 26), (117, 30, 27), (118, 30, 28), (119, 30, 29),
    (120, 31, 30), (121, 31, 1), (122, 31, 2), (123, 31, 3), (124, 31, 4),
    (125, 32, 5), (126, 32, 6), (127, 32, 7),
    (128, 33, 8), (129, 33, 9), (130, 33, 10), (131, 33, 11),
    (132, 34, 12), (133, 34, 13), (134, 34, 14), (135, 34, 15), (136, 34, 16),
    (137, 35, 17), (138, 35, 18), (139, 35, 19),
    (140, 36, 20), (141, 36, 21), (142, 36, 22), (143, 36, 23),
    (144, 37, 24), (145, 37, 25), (146, 37, 26), (147, 37, 27), (148, 37, 28),
    (149, 38, 29), (150, 38, 30), (151, 38, 1),
    (152, 39, 2), (153, 39, 3), (154, 39, 4), (155, 39, 5),
    (156, 40, 6), (157, 40, 7), (158, 40, 8), (159, 40, 9), (160, 40, 10),
    (161, 41, 11), (162, 41, 12), (163, 41, 13),
    (164, 42, 14), (165, 42, 15), (166, 42, 16), (167, 42, 17),
    (168, 43, 18), (169, 43, 19), (170, 43, 20), (171, 43, 21), (172, 43, 22),
    (173, 44, 23), (174, 44, 24), (175, 44, 25),
    (176, 45, 26), (177, 45, 27), (178, 45, 28), (179, 45, 29),
    (180, 46, 30), (181, 46, 1), (182, 46, 2), (183, 46, 3), (184, 46, 4),
    (185, 47, 5), (186, 47, 6), (187, 47, 7),
    (188, 48, 8), (189, 48, 9), (190, 48, 10), (191, 48, 11),
    (192, 49, 12), (193, 49, 13), (194, 49, 14), (195, 49, 15), (196, 49, 16),
    (197, 50, 17), (198, 50, 18), (199, 50, 19),
    (200, 51, 20), (201, 51, 21), (202, 51, 22), (203, 51, 23),
    (204, 52, 24), (205, 52, 25), (206, 52, 26), (207, 52, 27), (208, 52, 28),
    (209, 53, 29), (210, 53, 30), (211, 53, 1),
    (212, 54, 2), (213, 54, 3), (214, 54, 4), (215, 54, 5),
    (216, 55, 6), (217, 55, 7), (218, 55, 8), (219, 55, 9), (220, 55, 10),
    (221, 56, 11), (222, 56, 12), (223, 56, 13),
    (224, 57, 14), (225, 57, 15), (226, 57, 16), (227, 57, 17),
    (228, 58, 18), (229, 58, 19), (230, 58, 20), (231, 58, 21), (232, 58, 22),
    (233, 59, 23), (234, 59, 24), (235, 59, 25),
    (236, 60, 26), (237, 60, 27), (238, 60, 28), (239, 60, 29),
    (240, 61, 30), (241, 61, 1), (242, 61, 2), (243, 61, 3), (244, 61, 4),
    (245, 62, 5), (246, 62, 6), (247, 62, 7),
    (248, 63, 8), (249, 63, 9), (250, 63, 10), (251, 63, 11),
    (252, 64, 12), (253, 64, 13), (254, 64, 14), (255, 64, 15), (256, 64, 16),
    (257, 65, 17), (258, 65, 18), (259, 65, 19),
    (260, 66, 20), (261, 66, 21), (262, 66, 22), (263, 66, 23),
    (264, 67, 24), (265, 67, 25), (266, 67, 26), (267, 67, 27), (268, 67, 28),
    (269, 68, 29), (270, 68, 30), (271, 68, 1),
    (272, 69, 2), (273, 69, 3), (274, 69, 4), (275, 69, 5),
    (276, 70, 6), (277, 70, 7), (278, 70, 8), (279, 70, 9), (280, 70, 10);

-- Oprema
INSERT INTO oprema (oprema_id, vrsta_opreme,cijena_opreme) VALUES

(1, 'Tresača',750),
(2, 'Grablje',30),
(3, 'Mreže',50),
(4, 'Stipaljka za mreže',5),
(5, 'Traktor',8000);

-- Oprema_od_clana

INSERT INTO oprema_od_clana (ooc_id, kolicina, oprema_id, clan_id)
VALUES
-- Član 1
(1, 3, 1, 1), -- Tresača (3)
(2, 7, 2, 1), -- Grablje (7)
(3, 4, 3, 1), -- Mreže (4)
(4, 12, 4, 1), -- Stipaljka za mreže (12)
(5, 1, 5, 1), -- Traktor (1)

-- Član 2
(6, 5, 1, 2), -- Tresača (5)
(7, NULL, 2, 2), -- Grablje (0)
(8, 8, 3, 2), -- Mreže (8)
(9, 6, 4, 2), -- Stipaljka za mreže (6)
(10, NULL, 5, 2), -- Traktor (0)

-- Član 3
(11, 2, 1, 3), -- Tresača (2)
(12, 3, 2, 3), -- Grablje (3)
(13, 5, 3, 3), -- Mreže (5)
(14, 7, 4, 3), -- Stipaljka za mreže (7)
(15, 1, 5, 3), -- Traktor (1)

-- Član 4
(16, 4, 1, 4), -- Tresača (4)
(17, 5, 2, 4), -- Grablje (5)
(18, 9, 3, 4), -- Mreže (9)
(19, 8, 4, 4), -- Stipaljka za mreže (8)
(20, 2, 5, 4), -- Traktor (2)

-- Član 5
(21, 3, 1, 5), -- Tresača (3)
(22, 4, 2, 5), -- Grablje (4)
(23, 10, 3, 5), -- Mreže (10)
(24, 13, 4, 5), -- Stipaljka za mreže (13)
(25, 1, 5, 5), -- Traktor (1)

-- Član 6
(26, 2, 1, 6), -- Tresača (2)
(27, 7, 2, 6), -- Grablje (7)
(28, 3, 3, 6), -- Mreže (3)
(29, 5, 4, 6), -- Stipaljka za mreže (5)
(30, 2, 5, 6), -- Traktor (2)

-- Član 7
(31, 4, 1, 7), -- Tresača (4)
(32, 5, 2, 7), -- Grablje (5)
(33, 6, 3, 7), -- Mreže (6)
(34, 6, 4, 7), -- Stipaljka za mreže (6)
(35, NULL, 5, 7), -- Traktor (0)

-- Član 8
(36, 3, 1, 8), -- Tresača (3)
(37, NULL, 2, 8), -- Grablje (0)
(38, 7, 3, 8), -- Mreže (7)
(39, 9, 4, 8), -- Stipaljka za mreže (9)
(40, 2, 5, 8), -- Traktor (2)

-- Član 9
(41, 2, 1, 9), -- Tresača (2)
(42, 6, 2, 9), -- Grablje (6)
(43, 3, 3, 9), -- Mreže (3)
(44, 7, 4, 9), -- Stipaljka za mreže (7)
(45, 1, 5, 9), -- Traktor (1)

-- Član 10
(46, 5, 1, 10), -- Tresača (5)
(47, 8, 2, 10), -- Grablje (8)
(48, 4, 3, 10), -- Mreže (4)
(49, 12, 4, 10), -- Stipaljka za mreže (12)
(50, 1, 5, 10), -- Traktor (1)

-- Član 11
(51, 3, 1, 11), -- Tresača (3)
(52, 7, 2, 11), -- Grablje (7)
(53, 4, 3, 11), -- Mreže (4)
(54, 12, 4, 11), -- Stipaljka za mreže (12)
(55, 1, 5, 11), -- Traktor (1)

-- Član 12
(56, 5, 1, 12), -- Tresača (5)
(57, 6, 2, 12), -- Grablje (6)
(58, 8, 3, 12), -- Mreže (8)
(59, 6, 4, 12), -- Stipaljka za mreže (6)
(60, NULL, 5, 12), -- Traktor (0)

-- Član 13
(61, 2, 1, 13), -- Tresača (2)
(62, 3, 2, 13), -- Grablje (3)
(63, 5, 3, 13), -- Mreže (5)
(64, 7, 4, 13), -- Stipaljka za mreže (7)
(65, 1, 5, 13), -- Traktor (1)

-- Član 14
(66, 4, 1, 14), -- Tresača (4)
(67, 5, 2, 14), -- Grablje (5)
(68, 9, 3, 14), -- Mreže (10)
(69, NULL, 4, 14), -- Stipaljka za mreže (0)
(70, 2, 5, 14), -- Traktor (2)

-- Član 15
(71, 3, 1, 15), -- Tresača (3)
(72, 4, 2, 15), -- Grablje (4)
(73, 10, 3, 15), -- Mreže (10)
(74, 13, 4, 15), -- Stipaljka za mreže (13)
(75, 1, 5, 15), -- Traktor (1)

-- Član 16
(76, 2, 1, 16), -- Tresača (2)
(77, 7, 2, 16), -- Grablje (7)
(78, 3, 3, 16), -- Mreže (3)
(79, 5, 4, 16), -- Stipaljka za mreže (5)
(80, 2, 5, 16), -- Traktor (2)

-- Član 17
(81, 4, 1, 17), -- Tresača (4)
(82, 5, 2, 17), -- Grablje (5)
(83, 6, 3, 17), -- Mreže (6)
(84, 6, 4, 17), -- Stipaljka za mreže (6)
(85, NULL, 5, 17), -- Traktor (0)

-- Član 18
(86, 3, 1, 18), -- Tresača (3)
(87, 4, 2, 18), -- Grablje (4)
(88, 7, 3, 18), -- Mreže (7)
(89, 9, 4, 18), -- Stipaljka za mreže (9)
(90, 2, 5, 18), -- Traktor (2)

-- Član 19
(91, 2, 1, 19), -- Tresača (2)
(92, 6, 2, 19), -- Grablje (6)
(93, 3, 3, 19), -- Mreže (3)
(94, 7, 4, 19), -- Stipaljka za mreže (7)
(95, 1, 5, 19), -- Traktor (1)

-- Član 20
(96, 5, 1, 20), -- Tresača (5)
(97, 8, 2, 20), -- Grablje (8)
(98, 4, 3, 20), -- Mreže (4)
(99, 12, 4, 20), -- Stipaljka za mreže (12)
(100, 1, 5, 20), -- Traktor (1)

-- Član 21
(101, 3, 1, 21), -- Tresača (3)
(102, 7, 2, 21), -- Grablje (7)
(103, 4, 3, 21), -- Mreže (4)
(104, 12, 4, 21), -- Stipaljka za mreže (12)
(105, 1, 5, 21), -- Traktor (1)

-- Član 22
(106, 5, 1, 22), -- Tresača (5)
(107, 6, 2, 22), -- Grablje (6)
(108, 8, 3, 22), -- Mreže (8)
(109, 6, 4, 22), -- Stipaljka za mreže (6)
(110, NULL, 5, 22), -- Traktor (0)

-- Član 23
(111, 2, 1, 23), -- Tresača (2)
(112, 3, 2, 23), -- Grablje (3)
(113, 5, 3, 23), -- Mreže (5)
(114, 7, 4, 23), -- Stipaljka za mreže (7)
(115, 1, 5, 23), -- Traktor (1)

-- Član 24
(116, 4, 1, 24), -- Tresača (4)
(117, 5, 2, 24), -- Grablje (5)
(118, 9, 3, 24), -- Mreže (9)
(119, 8, 4, 24), -- Stipaljka za mreže (8)
(120, 2, 5, 24), -- Traktor (2)

-- Član 25
(121, 3, 1, 25), -- Tresača (3)
(122, 4, 2, 25), -- Grablje (4)
(123, 10, 3, 25), -- Mreže (10)
(124, 13, 4, 25), -- Stipaljka za mreže (13)
(125, 1, 5, 25), -- Traktor (1)

-- Član 26
(126, 2, 1, 26), -- Tresača (2)
(127, 7, 2, 26), -- Grablje (7)
(128, 3, 3, 26), -- Mreže (3)
(129, 5, 4, 26), -- Stipaljka za mreže (5)
(130, 2, 5, 26), -- Traktor (2)

-- Član 27
(131, 4, 1, 27), -- Tresača (4)
(132, 5, 2, 27), -- Grablje (5)
(133, 6, 3, 27), -- Mreže (6)
(134, 6, 4, 27), -- Stipaljka za mreže (6)
(135, NULL, 5, 27), -- Traktor (0)

-- Član 28
(136, 3, 1, 28), -- Tresača (3)
(137, 4, 2, 28), -- Grablje (4)
(138, 7, 3, 28), -- Mreže (7)
(139, 9, 4, 28), -- Stipaljka za mreže (9)
(140, 2, 5, 28), -- Traktor (2)

-- Član 29
(141, 2, 1, 29), -- Tresača (2)
(142, 6, 2, 29), -- Grablje (6)
(143, 3, 3, 29), -- Mreže (3)
(144, 7, 4, 29), -- Stipaljka za mreže (7)
(145, 1, 5, 29), -- Traktor (1)

-- Član 30
(146, 5, 1, 30), -- Tresača (5)
(147, 8, 2, 30), -- Grablje (8)
(148, 4, 3, 30), -- Mreže (4)
(149, 12, 4, 30), -- Stipaljka za mreže (12)
(150, 1, 5, 30); -- Traktor (1)


-- oprema na berbi
INSERT INTO oprema_na_berbi (onb_id, oprema_id, kolicina_onb, berba_id) VALUES
-- Podaci za berbu 1
(1, 1, 3, 1),
(2, 2, NULL, 1),
(3, 3, 4, 1),
(4, 4, 12, 1),
(5, 5, 1, 1),
-- Podaci za berbu 2
(6, 1, 5, 2),
(7, 2, NULL, 2),
(8, 3, 8, 2),
(9, 4, 6, 2),
(10, 5, NULL, 2),
-- Podaci za berbu 3
(11, 1, 2, 3),
(12, 2, 3, 3),
(13, 3, 5, 3),
(14, 4, 7, 3),
(15, 5, 1, 3),
-- Podaci za berbu 4
(16, 1, 4, 4),
(17, 2, 5, 4),
(18, 3, 9, 4),
(19, 4, 8, 4),
(20, 5, 2, 4),
-- Podaci za berbu 5
(21, 1, 3, 5),
(22, 2, 4, 5),
(23, 3, 10, 5),
(24, 4, 13, 5),
(25, 5, 1, 5),
-- Podaci za berbu 6
(26, 1, 2, 6),
(27, 2, 7, 6),
(28, 3, 3, 6),
(29, 4, 5, 6),
(30, 5, 2, 6),
-- Podaci za berbu 7
(31, 1, 4, 7),
(32, 2, 5, 7),
(33, 3, 6, 7),
(34, 4, 6, 7),
(35, 5, NULL, 7),
-- Podaci za berbu 8
(36, 1, 3, 8),
(37, 2, NULL, 8),
(38, 3, 7, 8),
(39, 4, 9, 8),
(40, 5, 2, 8),
-- Podaci za berbu 9
(41, 1, 2, 9),
(42, 2, 6, 9),
(43, 3, 3, 9),
(44, 4, 7, 9),
(45, 5, 1, 9),
-- Podaci za berbu 10
(46, 1, 5, 10),
(47, 2, 8, 10),
(48, 3, 4, 10),
(49, 4, 12, 10),
(50, 5, 1, 10),
-- Podaci za berbu 11
(51, 1, 3, 11),
(52, 2, 7, 11),
(53, 3, 4, 11),
(54, 4, 12, 11),
(55, 5, 1, 11),
-- Podaci za berbu 12
(56, 1, 5, 12),
(57, 2, 6, 12),
(58, 3, 8, 12),
(59, 4, 6, 12),
(60, 5, NULL, 12),
-- Podaci za berbu 13
(61, 1, 2, 13),
(62, 2, 3, 13),
(63, 3, 5, 13),
(64, 4, 7, 13),
(65, 5, 1, 13),
-- Podaci za berbu 14
(66, 1, 4, 14),
(67, 2, 5, 14),
(68, 3, 10, 14),
(69, NULL, 4, 14),
(70, 5, 2, 14),
-- Podaci za berbu 15
(71, 1, 3, 15),
(72, 2, 4, 15),
(73, 3, 10, 15),
(74, 4, 13, 15),
(75, 5, 1, 15),
-- Podaci za berbu 16
(76, 1, 2, 16),
(77, 2, 7, 16),
(78, 3, 3, 16),
(79, 4, 5, 16),
(80, 5, 2, 16),
-- Podaci za berbu 17
(81, 1, 4, 17),
(82, 2, 5, 17),
(83, 3, 6, 17),
(84, 4, 6, 17),
(85, 5, NULL, 17),
-- Podaci za berbu 18
(86, 1, 3, 18),
(87, 2, 4, 18),
(88, 3, 7, 18),
(89, 4, 9, 18),
(90, 5, 2, 18),
-- Podaci za berbu 19
(91, 1, 2, 19),
(92, 2, 6, 19),
(93, 3, 3, 19),
(94, 4, 7, 19),
(95, 5, 1, 19),
-- Podaci za berbu 20
(96, 1, 5, 20),
(97, 2, 8, 20),
(98, 3, 4, 20),
(99, 4, 12, 20),
(100, 5, 1, 20),
-- Podaci za berbu 21
(101, 1, 3, 21),
(102, 2, 7, 21),
(103, 3, 4, 21),
(104, 4, 12, 21),
(105, 5, 1, 21),
-- Podaci za berbu 22
(106, 1, 5, 22),
(107, 2, 6, 22),
(108, 3, 8, 22),
(109, 4, 6, 22),
(110, 5, NULL, 22),
-- Podaci za berbu 23
(111, 1, 2, 23),
(112, 2, 3, 23),
(113, 3, 5, 23),
(114, 4, 7, 23),
(115, 5, 1, 23),
-- Podaci za berbu 24
(116, 1, 4, 24),
(117, 2, 5, 24),
(118, 3, 9, 24),
(119, 4, 8, 24),
(120, 5, 2, 24),
-- Podaci za berbu 25
(121, 1, 3, 25),
(122, 2, 4, 25),
(123, 3, 10, 25),
(124, 4, 13, 25),
(125, 5, 1, 25),
-- Podaci za berbu 26
(126, 1, 2, 26),
(127, 2, 7, 26),
(128, 3, 3, 26),
(129, 4, 5, 26),
(130, 5, 2, 26),
-- Podaci za berbu 27
(131, 1, 4, 27),
(132, 2, 5, 27),
(133, 3, 6, 27),
(134, 4, 6, 27),
(135, 5, NULL, 27),
-- Podaci za berbu 28
(136, 1, 3, 28),
(137, 2, 4, 28),
(138, 3, 7, 28),
(139, 4, 9, 28),
(140, 5, 2, 28),
-- Podaci za berbu 29
(141, 1, 2, 29),
(142, 2, 6, 29),
(143, 3, 3, 29),
(144, 4, 7, 29),
(145, 5, 1, 29),
-- Podaci za berbu 30
(146, 1, 5, 30),
(147, 2, 8, 30),
(148, 3, 4, 30),
(149, 4, 12, 30),
(150, 5, 1, 30),
-- Podaci za berbu 31
(151, 1, 3, 31),
(152, 2, NULL, 31),
(153, 3, 4, 31),
(154, 4, 12, 31),
(155, 5, 1, 31),
-- Podaci za berbu 32
(156, 1, 5, 32),
(157, 2, NULL, 32),
(158, 3, 8, 32),
(159, 4, 6, 32),
(160, 5, 1, 32),
-- Podaci za berbu 33
(161, 1, 2, 33),
(162, 2, 3, 33),
(163, 3, 5, 33),
(164, 4, 7, 33),
(165, 5, 1, 33),
-- Podaci za berbu 34
(166, 1, 4, 34),
(167, 2, 5, 34),
(168, 3, 9, 34),
(169, 4, 8, 34),
(170, 5, 2, 34),
-- Podaci za berbu 35
(171, 1, 3, 35),
(172, 2, 4, 35),
(173, 3, 10, 35),
(174, 4, 13, 35),
(175, 5, 1, 35),
-- Podaci za berbu 36
(176, 1, 2, 36),
(177, 2, 7, 36),
(178, 3, 3, 36),
(179, 4, 5, 36),
(180, 5, 2, 36),
-- Podaci za berbu 37
(181, 1, 4, 37),
(182, 2, 5, 37),
(183, 3, 6, 37),
(184, 4, 6, 37),
(185, 5, NULL, 37),
-- Podaci za berbu 38
(186, 1, 3, 38),
(187, 2, NULL, 38),
(188, 3, 7, 38),
(189, 4, 9, 38),
(190, 5, 2, 38),
-- Podaci za berbu 39
(191, 1, 2, 39),
(192, 2, 6, 39),
(193, 3, 3, 39),
(194, 4, 7, 39),
(195, 5, 1, 39),
-- Podaci za berbu 40
(196, 1, 5, 40),
(197, 2, 8, 40),
(198, 3, 4, 40),
(199, 4, 12, 40),
(200, 5, 1, 40),
-- Podaci za berbu 41
(201, 1, 3, 41),
(202, 2, 7, 41),
(203, 3, 4, 41),
(204, 4, 12, 41),
(205, 5, 1, 41),
-- Podaci za berbu 42
(206, 1, 5, 42),
(207, 2, 6, 42),
(208, 3, 8, 42),
(209, 4, 6, 42),
(210, 5, NULL, 42),
-- Podaci za berbu 43
(211, 1, 2, 43),
(212, 2, 3, 43),
(213, 3, 5, 43),
(214, 4, 7, 43),
(215, 5, 1, 43),
-- Podaci za berbu 44
(216, 1, 4, 44),
(217, 2, 5, 44),
(218, 3, 9, 44),
(219, 4, 8, 44),
(220, 5, 2, 44),
-- Podaci za berbu 45
(221, 1, 3, 45),
(222, 2, 4, 45),
(223, 3, 10, 45),
(224, 4, 13, 45),
(225, 5, 1, 45),
-- Podaci za berbu 46
(226, 1, 2, 46),
(227, 2, 7, 46),
(228, 3, 3, 46),
(229, 4, 5, 46),
(230, 5, 2, 46),
-- Podaci za berbu 47
(231, 1, 4, 47),
(232, 2, 5, 47),
(233, 3, 6, 47),
(234, 4, 6, 47),
(235, 5, NULL, 47),
-- Podaci za berbu 48
(236, 1, 3, 48),
(237, 2, 4, 48),
(238, 3, 7, 48),
(239, 4, 9, 48),
(240, 5, 2, 48),
-- Podaci za berbu 49
(241, 1, 2, 49),
(242, 2, 6, 49),
(243, 3, 3, 49),
(244, 4, 7, 49),
(245, 5, 1, 49),
-- Podaci za berbu 50
(246, 1, 5, 50),
(247, 2, 8, 50),
(248, 3, 4, 50),
(249, 4, 12, 50),
(250, 5, 1, 50),
-- Podaci za berbu 51
(251, 1, 3, 51),
(252, 2, 7, 51),
(253, 3, 4, 51),
(254, 4, 12, 51),
(255, 5, 1, 51),
-- Podaci za berbu 52
(256, 1, 5, 52),
(257, 2, 6, 52),
(258, 3, 8, 52),
(259, 4, 6, 52),
(260, 5, NULL, 52),
-- Podaci za berbu 53
(261, 1, 2, 53),
(262, 2, 3, 53),
(263, 3, 5, 53),
(264, 4, 7, 53),
(265, 5, 1, 53),
-- Podaci za berbu 54
(266, 1, 4, 54),
(267, 2, 5, 54),
(268, 3, 9, 54),
(269, 4, 8, 54),
(270, 5, 2, 54),
-- Podaci za berbu 55
(271, 1, 3, 55),
(272, 2, 4, 55),
(273, 3, 10, 55),
(274, 4, 13, 55),
(275, 5, 1, 55),
-- Podaci za berbu 56
(276, 1, 2, 56),
(277, 2, 7, 56),
(278, 3, 3, 56),
(279, 4, 5, 56),
(280, 5, 2, 56),
-- Podaci za berbu 57
(281, 1, 4, 57),
(282, 2, 5, 57),
(283, 3, 6, 57),
(284, 4, 6, 57),
(285, 5, NULL, 57),
-- Podaci za berbu 58
(286, 1, 3, 58),
(287, 2, 4, 58),
(288, 3, 7, 58),
(289, 4, 9, 58),
(290, 5, 2, 58),
-- Podaci za berbu 59
(291, 1, 2, 59),
(292, 2, 6, 59),
(293, 3, 3, 59),
(294, 4, 7, 59),
(295, 5, 1, 59),
-- Podaci za berbu 60
(296, 1, 5, 60),
(297, 2, 8, 60),
(298, 3, 4, 60),
(299, 4, 12, 60),
(300, 5, 1, 60),
-- Podaci za berbu 61
(301, 1, 3, 61),
(302, 2, 7, 61),
(303, 3, 4, 61),
(304, 4, 12, 61),
(305, 5, 1, 61),
-- Podaci za berbu 62
(306, 1, 5, 62),
(307, 2, 6, 62),
(308, 3, 8, 62),
(309, 4, 6, 62),
(310, 5, NULL, 62),
-- Podaci za berbu 63
(311, 1, 2, 63),
(312, 2, 3, 63),
(313, 3, 5, 63),
(314, 4, 7, 63),
(315, 5, 1, 63),
-- Podaci za berbu 64
(316, 1, 4, 64),
(317, 2, 5, 64),
(318, 3, 9, 64),
(319, 4, 8, 64),
(320, 5, 2, 64),
-- Podaci za berbu 65
(321, 1, 3, 65),
(322, 2, 4, 65),
(323, 3, 10, 65),
(324, 4, 13, 65),
(325, 5, 1, 65),
-- Podaci za berbu 66
(326, 1, 2, 66),
(327, 2, 7, 66),
(328, 3, 3, 66),
(329, 4, 5, 66),
(330, 5, 2, 66),
-- Podaci za berbu 67
(331, 1, 4, 67),
(332, 2, 5, 67),
(333, 3, 6, 67),
(334, 4, 6, 67),
(335, 5, NULL, 67),
-- Podaci za berbu 68
(336, 1, 3, 68),
(337, 2, 4, 68),
(338, 3, 7, 68),
(339, 4, 9, 68),
(340, 5, 2, 68),
-- Podaci za berbu 69
(341, 1, 2, 69),
(342, 2, 6, 69),
(343, 3, 3, 69),
(344, 4, 7, 69),
(345, 5, 1, 69),
-- Podaci za berbu 70
(346, 1, 5, 70),
(347, 2, 8, 70),
(348, 3, 4, 70),
(349, 4, 12, 70),
(350, 5, 1, 70);


-- Maslina na parceli

INSERT INTO maslina_na_parceli (mnp_id,vrsta, dob, parcela_id, clan_id) VALUES
(1, 'Buža', 11, 1, 1),
(2, 'Črnica', 13, 2, 2),
(3, 'Drobnica', 14, 3, 3),
(4, 'Karbonaca', 24, 4, 4),
(5, 'Buža', 12.45, 5, 5),
(6, 'Črnica', 11.23, 6, 6),
(7, 'Drobnica', 15.67, 7, 7),
(8, 'Karbonaca', 23.78, 8, 8),
(9, 'Buža', 19.88, 9, 9),
(10, 'Črnica', 17.32, 10, 10),
(11, 'Drobnica', 20.11, 11, 11),
(12, 'Karbonaca', 28.93, 12, 12),
(13, 'Buža', 14.76, 13, 13),
(14, 'Črnica', 16.45, 14, 14),
(15, 'Drobnica', 18.99, 15, 15),
(16, 'Karbonaca', 27.13, 16, 16),
(17, 'Buža', 21.87, 17, 17),
(18, 'Črnica', 26.09, 18, 18),
(19, 'Drobnica', 22.55, 19, 19),
(20, 'Karbonaca', 29.31, 20, 20),
(21, 'Buža', 25.67, 21, 21),
(22, 'Črnica', 27.84, 22, 22),
(23, 'Drobnica', 29.12, 23, 23),
(24, 'Karbonaca', 28.09, 24, 24),
(25, 'Buža', 12.89, 25, 25),
(26, 'Črnica', 16.32, 26, 26),
(27, 'Drobnica', 13.47, 27, 27),
(28, 'Karbonaca', 18.76, 28, 28),
(29, 'Buža', 14.95, 29, 29),
(30, 'Črnica', 17.78, 30, 30),
(31, 'Drobnica', 15.56, 31, 1),
(32, 'Karbonaca', 19.23, 32, 2),
(33, 'Buža', 22.87, 33, 3),
(34, 'Črnica', 26.43, 34, 4),
(35, 'Drobnica', 24.09, 35, 5),
(36, 'Karbonaca', 20.67, 36, 6),
(37, 'Buža', 16.78, 37, 7),
(38, 'Črnica', 18.12, 38, 8),
(39, 'Drobnica', 21.89, 39, 9),
(40, 'Karbonaca', 29.56, 40, 10),
(41, 'Buža', 25.78, 41, 11),
(42, 'Črnica', 27.33, 42, 12),
(43, 'Drobnica', 29.89, 43, 13),
(44, 'Karbonaca', 28.67, 44, 14),
(45, 'Buža', 12.45, 45, 15),
(46, 'Črnica', 11.23, 46, 16),
(47, 'Drobnica', 15.67, 47, 17),
(48, 'Karbonaca', 23.78, 48, 18),
(49, 'Buža', 19.88, 49, 19),
(50, 'Črnica', 17.32, 50, 20),
(51, 'Drobnica', 20.11, 51, 21),
(52, 'Karbonaca', 28.93, 52, 22),
(53, 'Buža', 14.76, 53, 23),
(54, 'Črnica', 16.45, 54, 24),
(55, 'Drobnica', 18.99, 55, 25),
(56, 'Karbonaca', 27.13, 56, 26),
(57, 'Buža', 21.87, 57, 27),
(58, 'Črnica', 26.09, 58, 28),
(59, 'Drobnica', 22.55, 59, 29),
(60, 'Karbonaca', 29.31, 60, 30),
(61, 'Buža', 25.67, 61, 1),
(62, 'Črnica', 27.84, 62, 2),
(63, 'Drobnica', 29.12, 63, 3),
(64, 'Karbonaca', 28.09, 64, 4),
(65, 'Buža', 12.89, 65, 5),
(66, 'Črnica', 16.32, 66, 6),
(67, 'Drobnica', 13.47, 67, 7),
(68, 'Karbonaca', 18.76, 68, 8),
(69, 'Buža', 14.95, 69, 9),
(70, 'Črnica', 17.78, 70, 10);


-- odrzavanje na parceli

INSERT INTO odrzavanje_na_parceli (onp_id,vrsta_odrzavanja, datum, parcela_id)
VALUES
-- Parcela 1
(1, 'Obrezivanje', '2024-01-07', 1),
(2, 'Prehrana', '2024-02-22', 1),
(3, NULL, NULL, 1),
-- Parcela 2
(4, NULL, NULL, 2),
(5, 'Prehrana', '2024-02-24', 2),
(6, 'Spricanje', '2024-03-29', 2),
-- Parcela 3
(7, 'Obrezivanje', '2024-01-11', 3),
(8, 'Prehrana', '2024-02-26', 3),
(9, NULL, NULL, 3),
-- Parcela 4
(10, 'Obrezivanje', '2024-01-13', 4),
(11, NULL, NULL, 4),
(12, 'Spricanje', '2024-04-03', 4),
-- Parcela 5
(13, 'Obrezivanje', '2024-01-15', 5),
(14, 'Prehrana', '2024-03-03', 5),
(15, 'Spricanje', '2024-04-05', 5),
-- Parcela 6
(16, 'Obrezivanje', '2024-01-17', 6),
(17, 'Prehrana', '2024-03-05', 6),
(18, NULL, NULL, 6),
-- Parcela 7
(19, NULL, NULL, 7),
(20, NULL, NULL, 7),
(21, NULL, NULL, 7),
-- Parcela 8
(22, 'Obrezivanje', '2024-01-21', 8),
(23, 'Prehrana', '2024-03-09', 8),
(24, 'Spricanje', '2024-04-11', 8),
-- Parcela 9
(25, 'Obrezivanje', '2024-01-23', 9),
(26, 'Prehrana', '2024-03-11', 9),
(27, NULL, NULL, 9),
-- Parcela 10
(28, NULL, NULL, 10),
(29, 'Prehrana', '2024-03-13', 10),
(30, NULL, NULL, 10),
-- Parcela 11
(31, 'Obrezivanje', '2024-01-27', 11),
(32, 'Prehrana', '2024-03-15', 11),
(33, NULL, NULL, 11), --
-- Parcela 12
(34, NULL, NULL, 12),
(35, NULL, NULL, 12),
(36, 'Spricanje', '2024-04-19', 12),
-- Parcela 13
(37, 'Obrezivanje', '2024-01-31', 13),
(38, 'Prehrana', '2024-03-19', 13),
(39, NULL, NULL, 13),
-- Parcela 14
(40, 'Obrezivanje', '2024-02-02', 14),
(41, 'Prehrana', '2024-03-21', 14),
(42, 'Spricanje', '2024-04-23', 14),
-- Parcela 15
(43, 'Obrezivanje', '2024-02-04', 15),
(44, 'Prehrana', '2024-03-23', 15),
(45, NULL, NULL, 15),
-- Parcela 16
(46, 'Obrezivanje', '2024-02-06', 16),
(47, 'Prehrana', '2024-03-25', 16),
(48, 'Spricanje', '2024-04-27', 16),
-- Parcela 17
(49, 'Obrezivanje', '2024-02-08', 17),
(50, 'Prehrana', '2024-03-27', 17),
(51, NULL, NULL, 17),
-- Parcela 18
(52, 'Obrezivanje', '2024-02-10', 18),
(53, 'Prehrana', '2024-03-29', 18),
(54, 'Spricanje', '2024-04-01', 18),
-- Parcela 19
(55, 'Obrezivanje', '2024-02-12', 19),
(56, 'Prehrana', '2024-03-31', 19),
(57, NULL, NULL, 19),
-- Parcela 20
(58, 'Obrezivanje', '2024-02-14', 20),
(59, NULL, NULL, 20),
(60, 'Spricanje', '2024-04-05', 20),
-- Parcela 21
(61, 'Obrezivanje', '2024-02-16', 21),
(62, 'Prehrana', '2024-04-04', 21),
(63, NULL, NULL, 21),
-- Parcela 22
(64, 'Obrezivanje', '2024-02-18', 22),
(65, 'Prehrana', '2024-04-06', 22),
(66, 'Spricanje', '2024-04-09', 22),
-- Parcela 23
(67, 'Obrezivanje', '2024-02-20', 23),
(68, 'Prehrana', '2024-04-08', 23),
(69, NULL, NULL, 23),
-- Parcela 24
(70, 'Obrezivanje', '2024-02-22', 24),
(71, 'Prehrana', '2024-04-10', 24),
(72, 'Spricanje', '2024-04-13', 24),
-- Parcela 25
(73, 'Obrezivanje', '2024-02-24', 25),
(74, 'Prehrana', '2024-04-12', 25),
(75, NULL, NULL, 25),
-- Parcela 26
(76, NULL, NULL, 26),
(77, 'Prehrana', '2024-04-14', 26),
(78, 'Spricanje', '2024-04-17', 26),
-- Parcela 27
(79, 'Obrezivanje', '2024-02-28', 27),
(80, 'Prehrana', '2024-04-16', 27),
(81, NULL, NULL, 27),
-- Parcela 28
(82, 'Obrezivanje', '2024-03-01', 28),
(83, 'Prehrana', '2024-04-18', 28),
(84, 'Spricanje', '2024-04-21', 28),
-- Parcela 29
(85, 'Obrezivanje', '2024-03-03', 29),
(86, 'Prehrana', '2024-04-20', 29),
(87, NULL, NULL, 29),
-- Parcela 30
(88, 'Obrezivanje', '2024-03-05', 30),
(89, 'Prehrana', '2024-04-22', 30),
(90, 'Spricanje', '2024-04-25', 30),
-- Parcela 31
(91, NULL, NULL, 31),
(92, 'Prehrana', '2024-04-24', 31),
(93, 'Spricanje', '2024-04-24', 31),
-- Parcela 32
(94, 'Obrezivanje', '2024-03-09', 32),
(95, NULL, NULL, 32),
(96, 'Spricanje', '2024-04-29', 32),
-- Parcela 33
(97, 'Obrezivanje', '2024-03-11', 33),
(98, 'Prehrana', '2024-04-28', 33),
(99, NULL, NULL, 33),
-- Parcela 34
(100, 'Obrezivanje', '2024-03-13', 34),
(101, 'Prehrana', '2024-04-30', 34),
(102, 'Spricanje', '2024-05-03', 34),
-- Parcela 35
(103, 'Obrezivanje', '2024-03-15', 35),
(104, 'Prehrana', '2024-05-02', 35),
(105, NULL, NULL, 35),
-- Parcela 36
(106, 'Obrezivanje', '2024-03-17', 36),
(107, 'Prehrana', '2024-05-04', 36),
(108, 'Spricanje', '2024-05-07', 36),
-- Parcela 37
(109, 'Obrezivanje', '2024-03-19', 37),
(110, 'Prehrana', '2024-05-06', 37),
(111, NULL, NULL, 37),
-- Parcela 38
(112, 'Obrezivanje', '2024-03-21', 38),
(113, 'Prehrana', '2024-05-08', 38),
(114, 'Spricanje', '2024-05-11', 38),
-- Parcela 39
(115, 'Obrezivanje', '2024-03-23', 39),
(116, 'Prehrana', '2024-05-10', 39),
(117, NULL, NULL, 39),
-- Parcela 40
(118, 'Obrezivanje', '2024-03-25', 40),
(119, 'Prehrana', '2024-05-12', 40),
(120, 'Spricanje', '2024-05-15', 40),
-- Parcela 41
(121, 'Obrezivanje', '2024-03-27', 41),
(122, 'Prehrana', '2024-05-14', 41),
(123, NULL, NULL, 41),
-- Parcela 42
(124, 'Obrezivanje', '2024-03-29', 42),
(125, 'Prehrana', '2024-05-16', 42),
(126, 'Spricanje', '2024-05-19', 42),
-- Parcela 43
(127, 'Obrezivanje', '2024-03-31', 43),
(128, 'Prehrana', '2024-05-18', 43),
(129, NULL, NULL, 43),
-- Parcela 44
(130, 'Obrezivanje', '2024-04-02', 44),
(131, 'Prehrana', '2024-05-20', 44),
(132, 'Spricanje', '2024-05-23', 44),
-- Parcela 45
(133, 'Obrezivanje', '2024-04-04', 45),
(134, 'Prehrana', '2024-05-22', 45),
(135, NULL, NULL, 45),
-- Parcela 46
(136, 'Obrezivanje', '2024-04-06', 46),
(137, 'Prehrana', '2024-05-24', 46),
(138, 'Spricanje', '2024-05-27', 46),
-- Parcela 47
(139, 'Obrezivanje', '2024-04-08', 47),
(140, 'Prehrana', '2024-05-26', 47),
(141, NULL, NULL, 47),
-- Parcela 48
(142, 'Obrezivanje', '2024-04-10', 48),
(143, 'Prehrana', '2024-05-28', 48),
(144, 'Spricanje', '2024-06-01', 48),
-- Parcela 49
(145, 'Obrezivanje', '2024-04-12', 49),
(146, 'Prehrana', '2024-05-30', 49),
(147, NULL, NULL, 49),
-- Parcela 50
(148, 'Obrezivanje', '2024-04-14', 50),
(149, NULL, NULL, 50),
(150, 'Spricanje', '2024-06-04', 50),
-- Parcela 51
(151, 'Obrezivanje', '2024-04-16', 51),
(152, 'Prehrana', '2024-06-03', 51),
(153, NULL, NULL, 51),
-- Parcela 52
(154, 'Obrezivanje', '2024-04-18', 52),
(155, NULL, NULL, 52),
(156, 'Spricanje', '2024-06-08', 52),
-- Parcela 53
(157, 'Obrezivanje', '2024-04-20', 53),
(158, 'Prehrana', '2024-06-07', 53),
(159, NULL, NULL, 53),
-- Parcela 54
(160, 'Obrezivanje', '2024-04-22', 54),
(161, NULL, NULL, 54),
(162, 'Spricanje', '2024-06-12', 54),
-- Parcela 55
(163, 'Obrezivanje', '2024-04-24', 55),
(164, 'Prehrana', '2024-06-11', 55),
(165, NULL, NULL, 55),
-- Parcela 56
(166, 'Obrezivanje', '2024-04-26', 56),
(167, 'Prehrana', '2024-06-13', 56),
(168, 'Spricanje', '2024-06-16', 56),
-- Parcela 57
(169, 'Obrezivanje', '2024-04-28', 57),
(170, 'Prehrana', '2024-06-15', 57),
(171, NULL, NULL, 57),
-- Parcela 58
(172, 'Obrezivanje', '2024-04-30', 58),
(173, 'Prehrana', '2024-06-17', 58),
(174, 'Spricanje', '2024-06-20', 58),
-- Parcela 59
(175, 'Obrezivanje', '2024-05-02', 59),
(176, 'Prehrana', '2024-06-19', 59),
(177, NULL, NULL, 59),
-- Parcela 60
(178, 'Obrezivanje', '2024-05-04', 60),
(179, 'Prehrana', '2024-06-21', 60),
(180, 'Spricanje', '2024-06-24', 60),
-- Parcela 61
(181, 'Obrezivanje', '2024-05-06', 61),
(182, 'Prehrana', '2024-06-23', 61),
(183, NULL, NULL, 61),
-- Parcela 62
(184, 'Obrezivanje', '2024-05-08', 62),
(185, 'Prehrana', '2024-06-25', 62),
(186, 'Spricanje', '2024-06-28', 62),
-- Parcela 63
(187, 'Obrezivanje', '2024-05-10', 63),
(188, 'Prehrana', '2024-06-27', 63),
(189, NULL, NULL, 63),
-- Parcela 64
(190, 'Obrezivanje', '2024-05-12', 64),
(191, NULL, NULL, 64),
(192, 'Spricanje', '2024-07-02', 64),
-- Parcela 65
(193, 'Obrezivanje', '2024-05-14', 65),
(194, 'Prehrana', '2024-07-01', 65),
(195, NULL, NULL, 65),
-- Parcela 66
(196, 'Obrezivanje', '2024-05-16', 66),
(197, 'Prehrana', '2024-07-03', 66),
(198, 'Spricanje', '2024-07-06', 66),
-- Parcela 67
(199, 'Obrezivanje', '2024-05-18', 67),
(200, 'Prehrana', '2024-07-05', 67),
(201, NULL, NULL, 67),
-- Parcela 68
(202, 'Obrezivanje', '2024-05-20', 68),
(203, 'Prehrana', '2024-07-07', 68),
(204, 'Spricanje', '2024-07-10', 68),
-- Parcela 69
(205, 'Obrezivanje', '2024-05-22', 69),
(206, 'Prehrana', '2024-07-09', 69),
(207, NULL, NULL, 69),
-- Parcela 70
(208, 'Obrezivanje', '2024-05-24', 70),
(209, 'Prehrana', '2024-07-11', 70),
(210, 'Spricanje', '2024-07-14', 70);




-- pogledi

SELECT *
    FROM vrsta_masline;

SELECT *
    FROM sveukupno_kilograma;

SELECT *
    FROM broj_odrzavanja_po_parceli;

SELECT *
    FROM broj_maslina_po_opcini;

SELECT *
    FROM clanovi_na_radionici_berba;

SELECT *
    FROM zarada_po_parceli;

SELECT *
    FROM max_kolicina_oprem;

SELECT *
    FROM clanovi;

SELECT *
    FROM vrste_odrzavanja_kod_maslina;

SELECT *
    FROM broj_opreme_po_clanu;

SELECT *
    FROM zarada_clana;

SELECT *
    FROM trosak_za_opremu;

SELECT *
    FROM trosak_clana;

SELECT * 
    FROM zarada_opcine;

SELECT * 
    FROM kg_maslina_po_naselju;

    
-- izrada dodatnih pogleda

CREATE VIEW vrsta_masline AS 
SELECT vrsta
    FROM maslina_na_parceli
    GROUP BY vrsta;
    
CREATE VIEW clanovi AS 
SELECT ime, prezime
    FROM clan;
        
CREATE VIEW vrste_odrzavanja_kod_maslina AS
SELECT vrsta_odrzavanja 
    FROM odrzavanje_na_parceli
    LIMIT 12, 3;

        
    
    
-- Upiti

----------- Anna ------------
	
-- KOLIKO JE KILOGRAMA MASLINA RODILA SVAKA VRSTA MASLINA. 
    
SELECT vrsta, SUM(kg_maslina) AS sveukupno_kg
FROM maslina_na_parceli NATURAL JOIN berba
	GROUP BY vrsta;


-- KOJE OPCINA JE IMALO SVEUKUPNO NAJVIŠE STABALA MASLINA
CREATE VIEW broj_maslina_po_opcini AS 
SELECT opcina, SUM(broj_maslina) AS Ukupan_broj_maslina
	FROM mjesto INNER JOIN parcela WHERE mjesto.mjesto_id=parcela.mjesto_id 
    GROUP BY opcina;

SELECT opcina
FROM broj_maslina_po_opcini
WHERE Ukupan_broj_maslina = (SELECT MAX(Ukupan_broj_maslina) FROM broj_maslina_po_opcini);


-- KOLIKO JE SVAKA VRSTA MASLINE IMALA POSTOTAK ULJA

CREATE VIEW sveukupno_kilograma AS 
SELECT vrsta, SUM(kg_maslina) AS sveukupno_kg, SUM(litara_ulja) AS sveukupno_ulja
FROM maslina_na_parceli NATURAL JOIN berba NATURAL JOIN prerada
GROUP BY vrsta;

SELECT vrsta, sveukupno_ulja / (sveukupno_kg / 100)  AS postotak_ulja 
	FROM sveukupno_kilograma;
    
    
-- KOJE SU PARCELE IMALE SVE VRSTE ODRZAVANJA

CREATE VIEW broj_odrzavanja_po_parceli AS 
SELECT parcela_id, COUNT(vrsta_odrzavanja) AS broj_odrzavanja
	FROM odrzavanje_na_parceli
		WHERE vrsta_odrzavanja IS NOT NULL
        GROUP BY parcela_id;

SELECT parcela_id
	FROM broj_odrzavanja_po_parceli
	WHERE broj_odrzavanja=3;

----------- Anna ------------

-- KOJA JE PROSJECNA DOB STABALA ZA SVAKU VRSTU MASLINA

SELECT vrsta, AVG(dob) AS prosjecna_dob
	FROM maslina_na_parceli
	GROUP BY vrsta;



-- PRIKAZI CLANOVE KOJI SU OSVOJILI MEDALJU A DA SU ISLI NA RADIONICU PRERADE MASLINA.

SELECT clan_id, clan.ime, clan.prezime
	FROM clan NATURAL JOIN ulje NATURAL JOIN radionica NATURAL JOIN clan_na_radionici
    WHERE radionica.tema='Prerada maslina'AND nagrade IS NOT NULL
    ORDER BY clan_id;

-- PRIKAZI CLANOVE KOJE SU ISLI NA RADIONICU BERBE MASLINA I NJIHOV BROJ BERBI.


CREATE VIEW clanovi_na_radionici_berba AS 
SELECT clan_id, ime, prezime
	FROM clan NATURAL JOIN radionica NATURAL JOIN clan_na_radionici
    WHERE tema=('Berba maslina')
    ORDER BY clan_id;

    SELECT clan_id, ime, prezime, COUNT(cub_id) AS broj_berbi
    FROM clan_u_berbi NATURAL JOIN clanovi_na_radionici_berba
    GROUP BY clan_id, ime, prezime
    ORDER BY clan_id;




-- PRIKAZI KOJA JE OPCINA NAJVISE ZARADILA

CREATE VIEW zarada_po_parceli AS
SELECT prodaja_id, (kolicina_prodaja * cijena) AS zarada_clana_po_parceli
	FROM prodaja NATURAL JOIN clan
    GROUP BY prodaja_id
    ORDER BY prodaja_id;

CREATE VIEW zarada_clana AS
SELECT clan_id, SUM(zarada_clana_po_parceli) AS zarada
	FROM prodaja NATURAL JOIN zarada_po_parceli
    GROUP BY clan_id;
    

CREATE VIEW zarada_opcine AS
SELECT opcina, SUM(zarada) AS zarada_opcine
	FROM zarada_clana NATURAL JOIN mjesto NATURAL JOIN parcela
    GROUP BY opcina;
    
SELECT * 
	FROM zarada_opcine
    ORDER BY zarada_opcine DESC
    LIMIT 1;

-- PRIKAZI CIJENU MASLINOVOG ULJA ZA CLANOVE KOJI SU BILI NA RADIONICI MARKETING MASLINOVOG ULJA

SELECT clan_id, ime, prezime, AVG(cijena) AS cijena_ulja
	FROM clan NATURAL JOIN radionica NATURAL JOIN clan_na_radionici NATURAL JOIN prodaja
    WHERE tema=('Marketing maslinovog ulja')
    GROUP BY clan_id
    ORDER BY clan_id;

-- PRIKAZI CLANOVE KOJI NISU KORISTILI SVU OPREMU NA BERBI


SELECT ime, prezime
	FROM  oprema_na_berbi NATURAL JOIN berba NATURAL JOIN parcela NATURAL JOIN clan
    WHERE kolicina_onb IS NULL
    GROUP BY clan_id;


-- PRIKAZI KOJI CLANOVI IMAJU NAJVECU KOLICINU OPREME ZA SVAKU VRSTU
-- DOLAZI DO PROBLEMA JER POJEDINI CLANOVI IMAJU ISTU KOLICINU OPREME.

CREATE VIEW max_kolicina_opreme AS 

SELECT oprema_id, MAX(kolicina) AS broj
	FROM oprema_od_clana NATURAL JOIN oprema
    GROUP BY oprema_id, vrsta_opreme;


SELECT clan_id, ime, prezime, vrsta_opreme, kolicina
	FROM max_kolicina_opreme 
    NATURAL JOIN oprema_od_clana 
    NATURAL JOIN clan 
    NATURAL JOIN oprema
    WHERE max_kolicina_opreme.oprema_id = oprema_od_clana.oprema_id 
    AND max_kolicina_opreme.broj = oprema_od_clana.kolicina
    ORDER BY vrsta_opreme;

-- PRIKAZI ZARADU ULJARE (PRETPOSTAVIMO DA SVAKO NASELJE IMA SVOJU ULJARU I CIJENA PRERADE PO KG JE 0.13 EURA) 

CREATE VIEW kg_maslina_po_naselju AS 
SELECT naselje, SUM(kg_maslina) AS kg_po_naselju
	FROM mjesto NATURAL JOIN parcela NATURAL JOIN berba
    GROUP BY naselje;
    
SELECT naselje, kg_po_naselju * 0.13 AS zarada_uljare
	FROM kg_maslina_po_naselju;

-- PRIKAZI UKUPAN PROFIT SVAKOG CLANA, PROFIT JE OSTVAREN PRODAJOM ULJA I ODUZIMANJEM TROSKA ŠTO JE ZAPRAVO KUPLJENA OPREMA 
-- PROBLEM NASTAJE U TOME ŠTO ĆE SVI CLANOVI BITI U MINUSU RADI PRIKAZA PRIHODA SAMO JEDNE KALENDARSKE GODINE.

CREATE VIEW broj_opreme_po_clanu AS 
SELECT clan_id, oprema_id, SUM(kolicina) AS broj_opreme
	FROM oprema_od_clana
	GROUP BY oprema_id, clan_id
    ORDER BY clan_id;

CREATE VIEW trosak_za_opremu AS
SELECT clan_id, oprema_id, (broj_opreme * cijena_opreme) AS trosak
	FROM broj_opreme_po_clanu NATURAL JOIN oprema
    GROUP BY clan_id, oprema_id
    ORDER BY clan_id;
    
CREATE VIEW trosak_clana AS
SELECT clan_id, SUM(trosak) AS sveukupni_trosak
	FROM trosak_za_opremu
	GROUP BY clan_id
    ORDER BY clan_id;
    
CREATE VIEW temp AS
SELECT clan_id, SUM(zarada_clana_po_parceli) AS zarada
	FROM prodaja NATURAL JOIN zarada_po_parceli
    GROUP BY clan_id;

SELECT clan_id, (zarada - sveukupni_trosak) AS prihod 
	FROM temp NATURAL JOIN trosak_clana
    GROUP BY clan_id
    ORDER BY clan_id;
    
    
-- PRIKAZI ID, IME I PREZIME ČLANOVA KOJI IMAJU DUG OD 50 EURA I UKUPNU ZARADU PO SVAKOM ČLANU, VIŠU OD 3000 EURA OD NAJVEĆE DO NAJMANJE.

SELECT clan_id, ime, prezime, dug, zarada
	FROM zarada_clana NATURAL JOIN clanarina NATURAL JOIN clan 
    WHERE zarada > 3000 AND dug = 50
    ORDER BY zarada DESC;



